[
  {
    "id": "0ba3ef3a-6b0d-4011-a1d3-57e727e0f7de",
    "comment": "Test1",
    "postID": "52dd6ef5-ff7a-4445-8de6-16c80a8aa630"
  },
  {
    "id": "2af8df3f-59c3-4389-a818-5f98beca99c1",
    "comment": "Test6",
    "postID": "a8df38f1-7416-4136-8948-6033b629b2a2"
  },
  {
    "id": "93482119-5432-4060-ac7f-3dd1cff198f1",
    "comment": "Test6",
    "postID": "c204780c-2d6c-42ed-897a-a0a620854de0"
  },
  {
    "id": "0ada5c9a-0084-4a94-bb50-a4fb9cfa8593",
    "comment": "comment on post 11",
    "postID": "3da11678-141b-4a1c-a274-72f5788f2b2c"
  },
  {
    "id": "522e98d5-0802-4c0f-b892-a96292f6a9b6",
    "comment": "comment on post 17",
    "postID": "74ca7da9-dbd8-4bda-979b-3754fed617fd"
  }
]