[{"id":"4359a700-acd9-4120-99bc-71062c72a1dd","name":"manuas","email":"tejaspvg@gmail.com","post":["ce28aea3-5cb1-4d39-9ec6-5799f5dffad6","5fbc15d8-2b59-4dc1-b54a-8ce92aa2f3a9"],"comment":["eadd3725-6912-4614-b86a-4efde0be214c","ffa89f8d-cae0-4c6e-915c-37cd7b51b762"],"likes":[],"password":"$2a$10$2CoTY0HxjdVn09mGxGlaKensXuH6DBsZ.rDJ/J4Sy8gjasyka.6Pi","token":"eyJhbGciOiJIUzI1NiIsInR5cCI6IkpXVCJ9.eyJpZCI6IjQzNTlhNzAwLWFjZDktNDEyMC05OWJjLTcxMDYyYzcyYTFkZCIsImlhdCI6MTU4MTUyMTk0OSwiZXhwIjoxNTgxNTI1NTQ5fQ.lB7IbxVzV9rCe4Nx3vMmTdYDz1DhvQumsBg_oJEx4YQ","isAdmin":true}]