[
  {
    "id": "25bd5beb-d0b3-4687-9bcb-2c4adc9d0fa6",
    "title": "Sixth Post",
    "body": "Sixth post from postman",
    "createdAt": "2020-02-08T22:07:00.857Z"
  },
  {
    "id": "7897836e-3e4e-4be6-8379-ecb7f0ecaa77",
    "title": "7 Post",
    "body": "7 post from postman",
    "createdAt": "2020-02-08T22:07:35.394Z"
  },
  {
    "id": "0900dac3-a20a-4c08-9659-1f08028ba2ba",
    "title": "8 Post",
    "body": "7 post from postman",
    "createdAt": "2020-02-08T22:07:43.923Z"
  },
  {
    "id": "53465e9f-0312-4152-9856-1e76b915b49c",
    "title": "9 Post",
    "body": "7 post from postman",
    "createdAt": "2020-02-08T22:07:49.477Z"
  },
  {
    "id": "30e84bd8-8908-41a6-a6e6-a6831feb6ef8",
    "title": "10 Post",
    "body": "7 post from postman",
    "createdAt": "2020-02-08T22:07:55.824Z"
  },
  {
    "id": "3da11678-141b-4a1c-a274-72f5788f2b2c",
    "title": "11 Post",
    "body": "7 post from postman",
    "createdAt": "2020-02-08T22:08:01.179Z"
  },
  {
    "id": "5337ab76-d2a1-45cb-a959-df13290ec746",
    "title": "12 Post",
    "body": "7 post from postman",
    "createdAt": "2020-02-08T22:20:16.806Z"
  },
  {
    "id": "74ca7da9-dbd8-4bda-979b-3754fed617fd",
    "title": "17 Post",
    "body": "7 post from postman",
    "createdAt": "2020-02-08T22:23:28.771Z"
  }
]